brsr_uri,gri_uri,brsr_label,gri_label,relationship,confidence_score,similarity_score,evidence_summary,llm_verification,llm_explanation,ontology_path
http://example.org/ontology/rso#Disclosure_Q6_-3242966378365092768,http://example.org/ontology/rso#Disclosure_Disclosure_102_5_Scope_1_GHG_emissions,6. Provide details of greenhouse gas emissions (Scope 1 and Scope 2 emissions) & its,Disclosure 102-5 Scope 1 GHG emissions,Partial Equivalent,73.18268087175159,0.5818268087175159,"{'label_similarity': 0.16666666666666666, 'definition_similarity': 0.0, 'embedding_similarity': 0.753892183303833, 'unit_compatibility': 0.5, 'datatype_compatibility': 0.5, 'hierarchy_similarity': 0.0, 'relationship_similarity': 0.5, 'topic_similarity': 0.5, 'context_similarity': 0.5}",Agree,"The BRSR and GRI concepts both relate to greenhouse gas emissions, specifically Scope 1 emissions.",
http://example.org/ontology/rso#Disclosure_Q6_-3242966378365092768,http://example.org/ontology/rso#Disclosure_Disclosure_102_6_Scope_2_GHG_emissions,6. Provide details of greenhouse gas emissions (Scope 1 and Scope 2 emissions) & its,Disclosure 102-6 Scope 2 GHG emissions,Partial Equivalent,73.12972384785849,0.5812972384785848,"{'label_similarity': 0.16666666666666666, 'definition_similarity': 0.0, 'embedding_similarity': 0.7526565194129944, 'unit_compatibility': 0.5, 'datatype_compatibility': 0.5, 'hierarchy_similarity': 0.0, 'relationship_similarity': 0.5, 'topic_similarity': 0.5, 'context_similarity': 0.5}",Agree,"The BRSR and GRI concepts both relate to greenhouse gas emissions, specifically Scope 2 emissions.",
http://example.org/ontology/rso#Disclosure_Q6_-3242966378365092768,http://example.org/ontology/rso#Disclosure_Disclosure_102_7_Scope_3_GHG_emissions,6. Provide details of greenhouse gas emissions (Scope 1 and Scope 2 emissions) & its,Disclosure 102-7 Scope 3 GHG emissions,Partial Equivalent,72.38039416179323,0.5738039416179324,"{'label_similarity': 0.10526315789473684, 'definition_similarity': 0.0, 'embedding_similarity': 0.7488173842430115, 'unit_compatibility': 0.5, 'datatype_compatibility': 0.5, 'hierarchy_similarity': 0.0, 'relationship_similarity': 0.5, 'topic_similarity': 0.5, 'context_similarity': 0.5}",Agree,"The BRSR and GRI concepts both relate to greenhouse gas emissions, with the GRI concept focusing on Scope 3 emissions.",
http://example.org/ontology/rso#Disclosure_Q3_-8624426536879621017,http://example.org/ontology/rso#Disclosure_Disclosure_303_5_Water_consumption,"3. Water withdrawal, consumption and discharge in areas of water stress (in kilolitres):",Disclosure 303-5 Water consumption,Partial Equivalent,72.30884951799094,0.5730884951799093,"{'label_similarity': 0.14285714285714285, 'definition_similarity': 0.0, 'embedding_similarity': 0.7387937903404236, 'unit_compatibility': 0.5, 'datatype_compatibility': 0.5, 'hierarchy_similarity': 0.0, 'relationship_similarity': 0.5, 'topic_similarity': 0.5, 'context_similarity': 0.5}",Agree,"The BRSR and GRI concepts both relate to water consumption, with a focus on areas of water stress.",
http://example.org/ontology/rso#Disclosure_Q24_-803882803422137357,http://example.org/ontology/rso#Disclosure_Disclosure_2_24_Embedding_policy_commitments,24. Overview of the entity’s material responsible business conduct issues,Disclosure 2-24 Embedding policy commitments,Partial Equivalent,72.17005174176222,0.5717005174176222,"{'label_similarity': 0.0, 'definition_similarity': 0.0, 'embedding_similarity': 0.6752377152442932, 'unit_compatibility': 0.5, 'datatype_compatibility': 0.5, 'hierarchy_similarity': 0.14285714285714285, 'relationship_similarity': 0.5, 'topic_similarity': 0.5, 'context_similarity': 0.5}",Agree,"The BRSR and GRI concepts both relate to responsible business conduct, with a focus on embedding policy commitments.",
http://example.org/ontology/rso#Disclosure_Q3_-8624426536879621017,http://example.org/ontology/rso#Requirement_-475641100762149971,"3. Water withdrawal, consumption and discharge in areas of water stress (in kilolitres):",REQUIREMENTS,Partial Equivalent,72.1375532377334,0.571375532377334,"{'label_similarity': 0.0, 'definition_similarity': 0.0, 'embedding_similarity': 0.8109873533248901, 'unit_compatibility': 0.5, 'datatype_compatibility': 0.5, 'hierarchy_similarity': 0.0, 'relationship_similarity': 0.5, 'topic_similarity': 0.5, 'context_similarity': 0.5}",Agree,"The BRSR and GRI concepts both relate to water withdrawal, with the GRI concept providing requirements for reporting.",
http://example.org/ontology/rso#Disclosure_Q3_-8624426536879621017,http://example.org/ontology/rso#Requirement_159021068058731070,"3. Water withdrawal, consumption and discharge in areas of water stress (in kilolitres):",RECOMMENDATIONS,Partial Equivalent,71.68631882894607,0.5668631882894607,"{'label_similarity': 0.0, 'definition_similarity': 0.0, 'embedding_similarity': 0.800458550453186, 'unit_compatibility': 0.5, 'datatype_compatibility': 0.5, 'hierarchy_similarity': 0.0, 'relationship_similarity': 0.5, 'topic_similarity': 0.5, 'context_similarity': 0.5}",Agree,"The BRSR and GRI concepts both relate to water withdrawal in areas of water stress, with the GRI concept providing recommendations for reporting.",
http://example.org/ontology/rso#Disclosure_Q24_-803882803422137357,http://example.org/ontology/rso#Requirement_-7209572832780949770,24. Overview of the entity’s material responsible business conduct issues,GUIDANCE,Partial Equivalent,71.62773246155646,0.5662773246155646,"{'label_similarity': 0.0, 'definition_similarity': 0.0, 'embedding_similarity': 0.719559371471405, 'unit_compatibility': 0.5, 'datatype_compatibility': 0.5, 'hierarchy_similarity': 0.10526315789473684, 'relationship_similarity': 0.5, 'topic_similarity': 0.5, 'context_similarity': 0.5}",Agree,"The BRSR and GRI concepts both relate to responsible business conduct, with the GRI concept providing guidance on embedding policy commitments.",
http://example.org/ontology/rso#Disclosure_Q3_-8624426536879621017,http://example.org/ontology/rso#Requirement_2267590054429305967,"3. Water withdrawal, consumption and discharge in areas of water stress (in kilolitres):",REQUIREMENTS,Partial Equivalent,71.31044683002291,0.5631044683002291,"{'label_similarity': 0.0, 'definition_similarity': 0.0, 'embedding_similarity': 0.7916882038116455, 'unit_compatibility': 0.5, 'datatype_compatibility': 0.5, 'hierarchy_similarity': 0.0, 'relationship_similarity': 0.5, 'topic_similarity': 0.5, 'context_similarity': 0.5}",Agree,"The BRSR and GRI concepts both relate to water discharge, with the GRI concept providing requirements for reporting.",
http://example.org/ontology/rso#Disclosure_Q24_-803882803422137357,http://example.org/ontology/rso#Requirement_284389428338297837,24. Overview of the entity’s material responsible business conduct issues,GUIDANCE,NotMapped,16.192613669804167,0.5619261366980417,"{'label_similarity': 0.0, 'definition_similarity': 0.0, 'embedding_similarity': 0.7444943189620972, 'unit_compatibility': 0.5, 'datatype_compatibility': 0.5, 'hierarchy_similarity': 0.0, 'relationship_similarity': 0.5, 'topic_similarity': 0.5, 'context_similarity': 0.5}",Disagree,"The BRSR concept relates to responsible business conduct, while the GRI concept relates to waste management, which are unrelated topics.",
http://example.org/ontology/rso#Disclosure_Q4_-1200628586394668080,http://example.org/ontology/rso#Disclosure_Disclosure_102_7_Scope_3_GHG_emissions,"4. Please provide details of total Scope 3 emissions & its intensity, in the following format:",Disclosure 102-7 Scope 3 GHG emissions,Partial Equivalent,71.09508406847044,0.5609508406847044,"{'label_similarity': 0.15789473684210525, 'definition_similarity': 0.0, 'embedding_similarity': 0.7071309089660645, 'unit_compatibility': 0.5, 'datatype_compatibility': 0.5, 'hierarchy_similarity': 0.0, 'relationship_similarity': 0.5, 'topic_similarity': 0.5, 'context_similarity': 0.5}",Agree,"Both BRSR and GRI concepts relate to Scope 3 emissions, indicating a meaningful conceptual overlap.",
http://example.org/ontology/rso#Disclosure_Q5_7672378586392185083,http://example.org/ontology/rso#Disclosure_Disclosure_102_5_Scope_1_GHG_emissions,"5. Please provide details of air emissions (other than GHG emissions) by the entity, in the",Disclosure 102-5 Scope 1 GHG emissions,NotMapped,16.048554770629814,0.5604855477062981,"{'label_similarity': 0.10526315789473684, 'definition_similarity': 0.0, 'embedding_similarity': 0.7177411317825317, 'unit_compatibility': 0.5, 'datatype_compatibility': 0.5, 'hierarchy_similarity': 0.0, 'relationship_similarity': 0.5, 'topic_similarity': 0.5, 'context_similarity': 0.5}",Disagree,"BRSR concept deals with air emissions other than GHG, while GRI concept focuses on Scope 1 GHG emissions, representing unrelated ESG topics.",
http://example.org/ontology/rso#Disclosure_Q10_-5474245062205150610,http://example.org/ontology/rso#Requirement_2819225986713129691,10. Health and safety management system:,REQUIREMENTS,Partial Equivalent,71.01255814234416,0.5601255814234416,"{'label_similarity': 0.0, 'definition_similarity': 0.0, 'embedding_similarity': 0.7847374677658081, 'unit_compatibility': 0.5, 'datatype_compatibility': 0.5, 'hierarchy_similarity': 0.0, 'relationship_similarity': 0.5, 'topic_similarity': 0.5, 'context_similarity': 0.5}",Agree,"Both BRSR and GRI concepts relate to occupational health and safety management, indicating a meaningful conceptual overlap.",
http://example.org/ontology/rso#Disclosure_Q24_-803882803422137357,http://example.org/ontology/rso#Requirement_-6449556860865490643,24. Overview of the entity’s material responsible business conduct issues,GUIDANCE,NotMapped,15.908151516298055,0.5590815151629805,"{'label_similarity': 0.0, 'definition_similarity': 0.0, 'embedding_similarity': 0.6743648052215576, 'unit_compatibility': 0.5, 'datatype_compatibility': 0.5, 'hierarchy_similarity': 0.19047619047619047, 'relationship_similarity': 0.5, 'topic_similarity': 0.5, 'context_similarity': 0.5}",Disagree,"BRSR concept deals with material responsible business conduct issues, while GRI concept focuses on activities, value chain, and other business relationships, representing unrelated ESG topics.",
http://example.org/ontology/rso#Disclosure_Q1_-1798184482091264290,http://example.org/ontology/rso#Disclosure_Disclosure_103_4_Energy_intensity,"1. Details of total energy consumption (in Joules or multiples) and energy intensity, in the",Disclosure 103-4 Energy intensity,Partial Equivalent,70.88633097854316,0.5588633097854315,"{'label_similarity': 0.058823529411764705, 'definition_similarity': 0.0, 'embedding_similarity': 0.7242758274078369, 'unit_compatibility': 0.5, 'datatype_compatibility': 0.5, 'hierarchy_similarity': 0.0, 'relationship_similarity': 0.5, 'topic_similarity': 0.5, 'context_similarity': 0.5}",Agree,"Both BRSR and GRI concepts relate to energy consumption and intensity, indicating a meaningful conceptual overlap.",
http://example.org/ontology/rso#Disclosure_Q1_-1798184482091264290,http://example.org/ontology/rso#Disclosure_Disclosure_103_5_Reduction_in_energy_consumption,"1. Details of total energy consumption (in Joules or multiples) and energy intensity, in the",Disclosure 103-5 Reduction in energy consumption,Partial Equivalent,70.87226605214993,0.5587226605214992,"{'label_similarity': 0.17647058823529413, 'definition_similarity': 0.0, 'embedding_similarity': 0.6978038549423218, 'unit_compatibility': 0.5, 'datatype_compatibility': 0.5, 'hierarchy_similarity': 0.0, 'relationship_similarity': 0.5, 'topic_similarity': 0.5, 'context_similarity': 0.5}",Agree,"Both BRSR and GRI concepts relate to energy consumption, although GRI focuses on reduction, indicating a meaningful conceptual overlap.",
http://example.org/ontology/rso#Disclosure_Q5_7672378586392185083,http://example.org/ontology/rso#Disclosure_Disclosure_305_5_Reduction_of_GHG_emissions,"5. Please provide details of air emissions (other than GHG emissions) by the entity, in the",Disclosure 305-5 Reduction of GHG emissions,NotMapped,15.732408856588691,0.5573240885658869,"{'label_similarity': 0.16666666666666666, 'definition_similarity': 0.0, 'embedding_similarity': 0.6967191696166992, 'unit_compatibility': 0.5, 'datatype_compatibility': 0.5, 'hierarchy_similarity': 0.0, 'relationship_similarity': 0.5, 'topic_similarity': 0.5, 'context_similarity': 0.5}",Disagree,"BRSR concept deals with air emissions other than GHG, while GRI concept focuses on GHG emissions reduction, representing unrelated ESG topics.",
http://example.org/ontology/rso#Disclosure_Q1_-1798184482091264290,http://example.org/ontology/rso#Requirement_6459216497900677219,"1. Details of total energy consumption (in Joules or multiples) and energy intensity, in the",REQUIREMENTS,Partial Equivalent,70.67892199470883,0.5567892199470883,"{'label_similarity': 0.0, 'definition_similarity': 0.0, 'embedding_similarity': 0.7769526243209839, 'unit_compatibility': 0.5, 'datatype_compatibility': 0.5, 'hierarchy_similarity': 0.0, 'relationship_similarity': 0.5, 'topic_similarity': 0.5, 'context_similarity': 0.5}",Agree,"Both BRSR and GRI concepts relate to energy consumption, indicating a meaningful conceptual overlap.",
http://example.org/ontology/rso#Disclosure_Q3_-8624426536879621017,http://example.org/ontology/rso#Requirement_-1270326318193808950,"3. Water withdrawal, consumption and discharge in areas of water stress (in kilolitres):",GUIDANCE,Partial Equivalent,70.59682085400536,0.5559682085400536,"{'label_similarity': 0.0, 'definition_similarity': 0.0, 'embedding_similarity': 0.7750369310379028, 'unit_compatibility': 0.5, 'datatype_compatibility': 0.5, 'hierarchy_similarity': 0.0, 'relationship_similarity': 0.5, 'topic_similarity': 0.5, 'context_similarity': 0.5}",Agree,"Both BRSR and GRI concepts deal with water withdrawal and management, indicating a meaningful conceptual overlap.",
http://example.org/ontology/rso#Disclosure_Q8_-6619359279462689484,http://example.org/ontology/rso#Disclosure_Disclosure_102_9_GHG_removals_in_the_value_chain,"8. Disclose any significant adverse impact to the environment, arising from the value chain of",Disclosure 102-9 GHG removals in the value chain,Partial Equivalent,70.54180310184796,0.5554180310184795,"{'label_similarity': 0.15789473684210525, 'definition_similarity': 0.0, 'embedding_similarity': 0.694221019744873, 'unit_compatibility': 0.5, 'datatype_compatibility': 0.5, 'hierarchy_similarity': 0.0, 'relationship_similarity': 0.5, 'topic_similarity': 0.5, 'context_similarity': 0.5}",Agree,"Both BRSR and GRI concepts relate to environmental impacts and mitigation measures, indicating a meaningful conceptual overlap.",
http://example.org/ontology/rso#Disclosure_Q5_7672378586392185083,http://example.org/ontology/rso#Disclosure_Disclosure_102_6_Scope_2_GHG_emissions,"5. Please provide details of air emissions (other than GHG emissions) by the entity, in the",Disclosure 102-6 Scope 2 GHG emissions,NotMapped,15.524433247726371,0.5552443324772637,"{'label_similarity': 0.10526315789473684, 'definition_similarity': 0.0, 'embedding_similarity': 0.7055116295814514, 'unit_compatibility': 0.5, 'datatype_compatibility': 0.5, 'hierarchy_similarity': 0.0, 'relationship_similarity': 0.5, 'topic_similarity': 0.5, 'context_similarity': 0.5}",Disagree,"The BRSR concept focuses on air emissions other than GHG emissions, while the GRI concept focuses on Scope 2 GHG emissions, which are unrelated topics.",
http://example.org/ontology/rso#Disclosure_Q5_7672378586392185083,http://example.org/ontology/rso#Disclosure_Disclosure_102_7_Scope_3_GHG_emissions,"5. Please provide details of air emissions (other than GHG emissions) by the entity, in the",Disclosure 102-7 Scope 3 GHG emissions,NotMapped,15.516818328608842,0.5551681832860884,"{'label_similarity': 0.10526315789473684, 'definition_similarity': 0.0, 'embedding_similarity': 0.705333948135376, 'unit_compatibility': 0.5, 'datatype_compatibility': 0.5, 'hierarchy_similarity': 0.0, 'relationship_similarity': 0.5, 'topic_similarity': 0.5, 'context_similarity': 0.5}",Disagree,"The BRSR concept focuses on air emissions other than GHG emissions, while the GRI concept focuses on Scope 3 GHG emissions, which are unrelated topics.",
http://example.org/ontology/rso#Disclosure_Q24_-803882803422137357,http://example.org/ontology/rso#Disclosure_Disclosure_308_2_Negative_environmental_impacts_in,24. Overview of the entity’s material responsible business conduct issues,Disclosure 308-2 Negative environmental impacts in the supply chain and actions taken,NotMapped,15.51557231381907,0.5551557231381907,"{'label_similarity': 0.047619047619047616, 'definition_similarity': 0.0, 'embedding_similarity': 0.67367023229599, 'unit_compatibility': 0.5, 'datatype_compatibility': 0.5, 'hierarchy_similarity': 0.0, 'relationship_similarity': 0.5, 'topic_similarity': 0.5, 'context_similarity': 0.5}",Disagree,"The BRSR concept focuses on material responsible business conduct issues, while the GRI concept focuses on negative environmental impacts in the supply chain, which are related but distinct topics.",
http://example.org/ontology/rso#Disclosure_Q3_-8624426536879621017,http://example.org/ontology/rso#Requirement_-1655966079089254625,"3. Water withdrawal, consumption and discharge in areas of water stress (in kilolitres):",REQUIREMENTS,Partial Equivalent,70.48667147046044,0.5548667147046044,"{'label_similarity': 0.0, 'definition_similarity': 0.0, 'embedding_similarity': 0.772466778755188, 'unit_compatibility': 0.5, 'datatype_compatibility': 0.5, 'hierarchy_similarity': 0.0, 'relationship_similarity': 0.5, 'topic_similarity': 0.5, 'context_similarity': 0.5}",Agree,"The BRSR concept and GRI concept both relate to water management, with the BRSR focusing on water withdrawal, consumption, and discharge, and the GRI focusing on water discharge by quality and destination.",
http://example.org/ontology/rso#Disclosure_Q1_-1798184482091264290,http://example.org/ontology/rso#Requirement_3058774072900966460,"1. Details of total energy consumption (in Joules or multiples) and energy intensity, in the",REQUIREMENTS,Partial Equivalent,70.44024115517027,0.5544024115517027,"{'label_similarity': 0.0, 'definition_similarity': 0.0, 'embedding_similarity': 0.7713834047317505, 'unit_compatibility': 0.5, 'datatype_compatibility': 0.5, 'hierarchy_similarity': 0.0, 'relationship_similarity': 0.5, 'topic_similarity': 0.5, 'context_similarity': 0.5}",Agree,"The BRSR concept and GRI concept both relate to energy consumption, with the BRSR focusing on total energy consumption and energy intensity, and the GRI focusing on energy consumption outside of the organization.",
http://example.org/ontology/rso#Disclosure_Q5_6677987963999485489,http://example.org/ontology/rso#Requirement_-346218370765205506,5. Reclaimed products and their packaging materials (as percentage of products sold) for,REQUIREMENTS,Partial Equivalent,70.40199030013311,0.5540199030013311,"{'label_similarity': 0.0, 'definition_similarity': 0.0, 'embedding_similarity': 0.7704908847808838, 'unit_compatibility': 0.5, 'datatype_compatibility': 0.5, 'hierarchy_similarity': 0.0, 'relationship_similarity': 0.5, 'topic_similarity': 0.5, 'context_similarity': 0.5}",Agree,"The BRSR concept and GRI concept both relate to reclaimed products and packaging materials, with the BRSR focusing on the percentage of products sold, and the GRI focusing on the percentage of reclaimed products and packaging materials for each product category.",
http://example.org/ontology/rso#Disclosure_Q4_-1200628586394668080,http://example.org/ontology/rso#Disclosure_Disclosure_102_5_Scope_1_GHG_emissions,"4. Please provide details of total Scope 3 emissions & its intensity, in the following format:",Disclosure 102-5 Scope 1 GHG emissions,NotMapped,15.204929851350329,0.5520492985135033,"{'label_similarity': 0.1, 'definition_similarity': 0.0, 'embedding_similarity': 0.6992261409759521, 'unit_compatibility': 0.5, 'datatype_compatibility': 0.5, 'hierarchy_similarity': 0.0, 'relationship_similarity': 0.5, 'topic_similarity': 0.5, 'context_similarity': 0.5}",Disagree,"The BRSR concept focuses on Scope 3 emissions, while the GRI concept focuses on Scope 1 GHG emissions, which are distinct topics.",
http://example.org/ontology/rso#Disclosure_Q8_-6619359279462689484,http://example.org/ontology/rso#Disclosure_Disclosure_2_29_in_GRI_2_General_Disclosures_2021,"8. Disclose any significant adverse impact to the environment, arising from the value chain of",Disclosure 2-29 in GRI 2: General Disclosures 2021 covers the organization’s approach to engaging with its stakeholders.,NotMapped,15.12958037246429,0.5512958037246429,"{'label_similarity': 0.06896551724137931, 'definition_similarity': 0.0, 'embedding_similarity': 0.704364538192749, 'unit_compatibility': 0.5, 'datatype_compatibility': 0.5, 'hierarchy_similarity': 0.0, 'relationship_similarity': 0.5, 'topic_similarity': 0.5, 'context_similarity': 0.5}",Disagree,"The BRSR concept focuses on significant adverse environmental impacts, while the GRI concept focuses on stakeholder engagement, which are unrelated topics.",
http://example.org/ontology/rso#Disclosure_Q4_-4702487424460023528,http://example.org/ontology/rso#Requirement_-346218370765205506,"4. Of the products and packaging reclaimed at end of life of products, amount (in metric",REQUIREMENTS,Partial Equivalent,70.07980846223377,0.5507980846223377,"{'label_similarity': 0.0, 'definition_similarity': 0.0, 'embedding_similarity': 0.7629733085632324, 'unit_compatibility': 0.5, 'datatype_compatibility': 0.5, 'hierarchy_similarity': 0.0, 'relationship_similarity': 0.5, 'topic_similarity': 0.5, 'context_similarity': 0.5}",Agree,"The BRSR concept and GRI concept both relate to waste management, with the BRSR focusing on products and packaging reclaimed at end of life, and the GRI focusing on waste directed to disposal.",
http://example.org/ontology/rso#Disclosure_Q8_-4962273875373865120,http://example.org/ontology/rso#Disclosure_Disclosure_306_5_Waste_directed_to_disposal_15,"8. Provide details related to waste management by the entity, in the following format:",Disclosure 306-5 Waste directed to disposal 15,Partial Equivalent,69.97810494962823,0.5497810494962824,"{'label_similarity': 0.1111111111111111, 'definition_similarity': 0.0, 'embedding_similarity': 0.6914644241333008, 'unit_compatibility': 0.5, 'datatype_compatibility': 0.5, 'hierarchy_similarity': 0.0, 'relationship_similarity': 0.5, 'topic_similarity': 0.5, 'context_similarity': 0.5}",Agree,"The BRSR concept and GRI concept both relate to waste management, with the BRSR focusing on waste management by the entity, and the GRI focusing on waste-related impacts and management.",
http://example.org/ontology/rso#Disclosure_Q5_7672378586392185083,http://example.org/ontology/rso#Disclosure_Disclosure_305_4_GHG_emissions_intensity,"5. Please provide details of air emissions (other than GHG emissions) by the entity, in the",Disclosure 305-4 GHG emissions intensity,NotMapped,14.954560263447028,0.5495456026344703,"{'label_similarity': 0.1111111111111111, 'definition_similarity': 0.0, 'embedding_similarity': 0.690915048122406, 'unit_compatibility': 0.5, 'datatype_compatibility': 0.5, 'hierarchy_similarity': 0.0, 'relationship_similarity': 0.5, 'topic_similarity': 0.5, 'context_similarity': 0.5}",Disagree,"The BRSR concept focuses on air emissions other than GHG emissions, while the GRI concept focuses on GHG emissions intensity, which represents completely unrelated ESG topics.",
http://example.org/ontology/rso#Disclosure_Q8_-6619359279462689484,http://example.org/ontology/rso#Disclosure_Disclosure_308_2_Negative_environmental_impacts_in,"8. Disclose any significant adverse impact to the environment, arising from the value chain of",Disclosure 308-2 Negative environmental impacts in the supply chain and actions taken,Partial Equivalent,69.92162513354468,0.5492162513354468,"{'label_similarity': 0.08333333333333333, 'definition_similarity': 0.0, 'embedding_similarity': 0.6963194012641907, 'unit_compatibility': 0.5, 'datatype_compatibility': 0.5, 'hierarchy_similarity': 0.0, 'relationship_similarity': 0.5, 'topic_similarity': 0.5, 'context_similarity': 0.5}",Agree,"Both the BRSR and GRI concepts deal with environmental impacts in the supply chain, indicating a meaningful conceptual overlap.",
http://example.org/ontology/rso#Disclosure_Q6_-3242966378365092768,http://example.org/ontology/rso#Disclosure_Disclosure_102_9_GHG_removals_in_the_value_chain,6. Provide details of greenhouse gas emissions (Scope 1 and Scope 2 emissions) & its,Disclosure 102-9 GHG removals in the value chain,NotMapped,14.818821975163054,0.5481882197516306,"{'label_similarity': 0.0, 'definition_similarity': 0.0, 'embedding_similarity': 0.7124391794204712, 'unit_compatibility': 0.5, 'datatype_compatibility': 0.5, 'hierarchy_similarity': 0.0, 'relationship_similarity': 0.5, 'topic_similarity': 0.5, 'context_similarity': 0.5}",Disagree,"The BRSR concept focuses on Scope 1 and Scope 2 emissions, while the GRI concept focuses on GHG removals in the value chain, which represents unrelated ESG topics.",
http://example.org/ontology/rso#Disclosure_Q8_-6619359279462689484,http://example.org/ontology/rso#Disclosure_Disclosure_2_25_Processes_to_remediate_negative_im,"8. Disclose any significant adverse impact to the environment, arising from the value chain of",Disclosure 2-25 Processes to remediate negative impacts,Partial Equivalent,69.77827338945298,0.5477827338945298,"{'label_similarity': 0.05, 'definition_similarity': 0.0, 'embedding_similarity': 0.7003819346427917, 'unit_compatibility': 0.5, 'datatype_compatibility': 0.5, 'hierarchy_similarity': 0.0, 'relationship_similarity': 0.5, 'topic_similarity': 0.5, 'context_similarity': 0.5}",Agree,"Both the BRSR and GRI concepts deal with mitigating negative impacts, indicating a meaningful conceptual overlap.",
http://example.org/ontology/rso#Disclosure_Q24_-803882803422137357,http://example.org/ontology/rso#Requirement_-1439278549831866263,24. Overview of the entity’s material responsible business conduct issues,GUIDANCE,NotMapped,14.769031267899734,0.5476903126789974,"{'label_similarity': 0.0, 'definition_similarity': 0.0, 'embedding_similarity': 0.698456883430481, 'unit_compatibility': 0.5, 'datatype_compatibility': 0.5, 'hierarchy_similarity': 0.038461538461538464, 'relationship_similarity': 0.5, 'topic_similarity': 0.5, 'context_similarity': 0.5}",Disagree,"The BRSR concept focuses on material responsible business conduct issues, while the GRI concept provides guidance on various topics, which does not represent a direct conceptual overlap.",
http://example.org/ontology/rso#Disclosure_Q24_-803882803422137357,http://example.org/ontology/rso#Requirement_3310425037713130185,24. Overview of the entity’s material responsible business conduct issues,GUIDANCE,NotMapped,14.744714498519897,0.547447144985199,"{'label_similarity': 0.0, 'definition_similarity': 0.0, 'embedding_similarity': 0.6940433382987976, 'unit_compatibility': 0.5, 'datatype_compatibility': 0.5, 'hierarchy_similarity': 0.05, 'relationship_similarity': 0.5, 'topic_similarity': 0.5, 'context_similarity': 0.5}",Disagree,"The BRSR concept focuses on material responsible business conduct issues, while the GRI concept provides guidance on supplier environmental assessment, which does not represent a direct conceptual overlap.",
http://example.org/ontology/rso#Disclosure_Q1_-4325816906975035389,http://example.org/ontology/rso#Disclosure_Disclosure_2_25_Processes_to_remediate_negative_im,1. Provide details of actions taken to mitigate any negative social impacts identified in the,Disclosure 2-25 Processes to remediate negative impacts,Partial Equivalent,69.73862710751985,0.5473862710751985,"{'label_similarity': 0.15789473684210525, 'definition_similarity': 0.0, 'embedding_similarity': 0.6754802465438843, 'unit_compatibility': 0.5, 'datatype_compatibility': 0.5, 'hierarchy_similarity': 0.0, 'relationship_similarity': 0.5, 'topic_similarity': 0.5, 'context_similarity': 0.5}",Agree,"Both the BRSR and GRI concepts deal with mitigating negative social impacts, indicating a meaningful conceptual overlap.",
http://example.org/ontology/rso#Disclosure_Q3_-8624426536879621017,http://example.org/ontology/rso#Requirement_-4968346841280789947,"3. Water withdrawal, consumption and discharge in areas of water stress (in kilolitres):",RECOMMENDATIONS,Partial Equivalent,69.72451539266677,0.5472451539266677,"{'label_similarity': 0.0, 'definition_similarity': 0.0, 'embedding_similarity': 0.7546831369400024, 'unit_compatibility': 0.5, 'datatype_compatibility': 0.5, 'hierarchy_similarity': 0.0, 'relationship_similarity': 0.5, 'topic_similarity': 0.5, 'context_similarity': 0.5}",Agree,"Both the BRSR and GRI concepts deal with water consumption in areas of water stress, indicating a meaningful conceptual overlap.",
http://example.org/ontology/rso#Disclosure_Q4_-1200628586394668080,http://example.org/ontology/rso#Disclosure_Disclosure_102_6_Scope_2_GHG_emissions,"4. Please provide details of total Scope 3 emissions & its intensity, in the following format:",Disclosure 102-6 Scope 2 GHG emissions,NotMapped,14.710923149472201,0.547109231494722,"{'label_similarity': 0.1, 'definition_similarity': 0.0, 'embedding_similarity': 0.6876993179321289, 'unit_compatibility': 0.5, 'datatype_compatibility': 0.5, 'hierarchy_similarity': 0.0, 'relationship_similarity': 0.5, 'topic_similarity': 0.5, 'context_similarity': 0.5}",Disagree,"The BRSR concept focuses on Scope 3 emissions, while the GRI concept focuses on Scope 2 GHG emissions, which represents a partial but not equivalent conceptual overlap.",
http://example.org/ontology/rso#Disclosure_Q1_-1798184482091264290,http://example.org/ontology/rso#Requirement_2333530348916648093,"1. Details of total energy consumption (in Joules or multiples) and energy intensity, in the",RECOMMENDATIONS,Partial Equivalent,69.68100229899088,0.5468100229899088,"{'label_similarity': 0.0, 'definition_similarity': 0.0, 'embedding_similarity': 0.7536678314208984, 'unit_compatibility': 0.5, 'datatype_compatibility': 0.5, 'hierarchy_similarity': 0.0, 'relationship_similarity': 0.5, 'topic_similarity': 0.5, 'context_similarity': 0.5}",Agree,"Both the BRSR and GRI concepts deal with energy consumption within the organization, indicating a meaningful conceptual overlap.",
http://example.org/ontology/rso#Disclosure_Q8_-6619359279462689484,http://example.org/ontology/rso#Disclosure_Disclosure_2_13_Delegation_of_responsibility_for_m,"8. Disclose any significant adverse impact to the environment, arising from the value chain of",Disclosure 2-13 Delegation of responsibility for managing impacts,Partial Equivalent,69.66239727543595,0.5466239727543596,"{'label_similarity': 0.047619047619047616, 'definition_similarity': 0.0, 'embedding_similarity': 0.6982072591781616, 'unit_compatibility': 0.5, 'datatype_compatibility': 0.5, 'hierarchy_similarity': 0.0, 'relationship_similarity': 0.5, 'topic_similarity': 0.5, 'context_similarity': 0.5}",Agree,"The BRSR and GRI concepts both relate to managing environmental impacts, albeit in different contexts.",
http://example.org/ontology/rso#Disclosure_Q9_7258677890242030772,http://example.org/ontology/rso#Requirement_284389428338297837,9. Briefly describe the waste management practices adopted in your establishments. Describe,GUIDANCE,Partial Equivalent,69.58326004800344,0.5458326004800343,"{'label_similarity': 0.0, 'definition_similarity': 0.0, 'embedding_similarity': 0.7513871788978577, 'unit_compatibility': 0.5, 'datatype_compatibility': 0.5, 'hierarchy_similarity': 0.0, 'relationship_similarity': 0.5, 'topic_similarity': 0.5, 'context_similarity': 0.5}",Agree,"The BRSR and GRI concepts both pertain to waste management practices, indicating a meaningful overlap.",
http://example.org/ontology/rso#Disclosure_Q1_-6900589201088536898,http://example.org/ontology/rso#Requirement_5092407324985171560,1. Provide the processes for consultation between stakeholders and the Board on,GUIDANCE,Partial Equivalent,69.44908318065463,0.5444908318065462,"{'label_similarity': 0.0, 'definition_similarity': 0.0, 'embedding_similarity': 0.7482563853263855, 'unit_compatibility': 0.5, 'datatype_compatibility': 0.5, 'hierarchy_similarity': 0.0, 'relationship_similarity': 0.5, 'topic_similarity': 0.5, 'context_similarity': 0.5}",Agree,"The BRSR and GRI concepts both involve stakeholder engagement and consultation processes, showing a connection.",
http://example.org/ontology/rso#Disclosure_Q6_-3242966378365092768,http://example.org/ontology/rso#Requirement_-5013241455896197653,6. Provide details of greenhouse gas emissions (Scope 1 and Scope 2 emissions) & its,RECOMMENDATIONS,Partial Equivalent,69.42548740477788,0.5442548740477788,"{'label_similarity': 0.0, 'definition_similarity': 0.0, 'embedding_similarity': 0.7477058172225952, 'unit_compatibility': 0.5, 'datatype_compatibility': 0.5, 'hierarchy_similarity': 0.0, 'relationship_similarity': 0.5, 'topic_similarity': 0.5, 'context_similarity': 0.5}",Agree,"The BRSR and GRI concepts both concern greenhouse gas emissions, although with different scopes.",
http://example.org/ontology/rso#Disclosure_Q5_7672378586392185083,http://example.org/ontology/rso#Requirement_1203798213981707659,"5. Please provide details of air emissions (other than GHG emissions) by the entity, in the",REQUIREMENTS,Partial Equivalent,69.38054635411218,0.5438054635411218,"{'label_similarity': 0.0, 'definition_similarity': 0.0, 'embedding_similarity': 0.7466571927070618, 'unit_compatibility': 0.5, 'datatype_compatibility': 0.5, 'hierarchy_similarity': 0.0, 'relationship_similarity': 0.5, 'topic_similarity': 0.5, 'context_similarity': 0.5}",Agree,"The BRSR and GRI concepts both deal with air emissions, indicating a similarity in environmental focus.",
http://example.org/ontology/rso#Disclosure_Q8_-4962273875373865120,http://example.org/ontology/rso#Disclosure_Disclosure_306_5_Waste_directed_to_disposal,"8. Provide details related to waste management by the entity, in the following format:",Disclosure 306-5 Waste directed to disposal,Partial Equivalent,69.34931284907151,0.5434931284907152,"{'label_similarity': 0.11764705882352941, 'definition_similarity': 0.0, 'embedding_similarity': 0.6753401756286621, 'unit_compatibility': 0.5, 'datatype_compatibility': 0.5, 'hierarchy_similarity': 0.0, 'relationship_similarity': 0.5, 'topic_similarity': 0.5, 'context_similarity': 0.5}",Agree,"The BRSR and GRI concepts both pertain to waste management, highlighting a direct overlap in subject matter.",
http://example.org/ontology/rso#Disclosure_Q24_-803882803422137357,http://example.org/ontology/rso#Requirement_-3604717989675847755,24. Overview of the entity’s material responsible business conduct issues,GUIDANCE,Partial Equivalent,69.22072516817624,0.5422072516817625,"{'label_similarity': 0.0, 'definition_similarity': 0.0, 'embedding_similarity': 0.6826105713844299, 'unit_compatibility': 0.5, 'datatype_compatibility': 0.5, 'hierarchy_similarity': 0.047619047619047616, 'relationship_similarity': 0.5, 'topic_similarity': 0.5, 'context_similarity': 0.5}",Agree,"The BRSR and GRI concepts both touch on material issues and waste, showing a connection in sustainability matters.",
http://example.org/ontology/rso#Disclosure_Q10_-5474245062205150610,http://example.org/ontology/rso#Requirement_-4330290551222736600,10. Health and safety management system:,REQUIREMENTS,Partial Equivalent,69.21013412021455,0.5421013412021455,"{'label_similarity': 0.0, 'definition_similarity': 0.0, 'embedding_similarity': 0.7426809072494507, 'unit_compatibility': 0.5, 'datatype_compatibility': 0.5, 'hierarchy_similarity': 0.0, 'relationship_similarity': 0.5, 'topic_similarity': 0.5, 'context_similarity': 0.5}",Agree,"The BRSR and GRI concepts both relate to occupational health and safety management, indicating a strong overlap.",
http://example.org/ontology/rso#Disclosure_Q8_-4962273875373865120,http://example.org/ontology/rso#Requirement_-2691618603631567331,"8. Provide details related to waste management by the entity, in the following format:",REQUIREMENTS,Partial Equivalent,69.18309745334444,0.5418309745334444,"{'label_similarity': 0.0, 'definition_similarity': 0.0, 'embedding_similarity': 0.742050051689148, 'unit_compatibility': 0.5, 'datatype_compatibility': 0.5, 'hierarchy_similarity': 0.0, 'relationship_similarity': 0.5, 'topic_similarity': 0.5, 'context_similarity': 0.5}",Agree,"The BRSR and GRI concepts both concern waste directed to disposal, showing a direct relationship.",
http://example.org/ontology/rso#Disclosure_Q18_9063199629501122799,http://example.org/ontology/rso#Disclosure_Disclosure_2_8_Workers_who_are_not_employees_18,18. Details as at the end of Financial Year: a. Employees and workers (including differently abled):,Disclosure 2-8 Workers who are not employees 18,NotMapped,14.167205474962046,0.5416720547496204,"{'label_similarity': 0.09090909090909091, 'definition_similarity': 0.0, 'embedding_similarity': 0.5849692821502686, 'unit_compatibility': 0.5, 'datatype_compatibility': 0.5, 'hierarchy_similarity': 0.14285714285714285, 'relationship_similarity': 0.5, 'topic_similarity': 0.5, 'context_similarity': 0.5}",Disagree,"The BRSR concept focuses on employee details, while the GRI concept pertains to workers who are not employees, indicating unrelated topics.",
http://example.org/ontology/rso#Disclosure_Q4_-1200628586394668080,http://example.org/ontology/rso#Disclosure_Disclosure_102_10_Carbon_credits,"4. Please provide details of total Scope 3 emissions & its intensity, in the following format:",Disclosure 102-10 Carbon credits,NotMapped,14.155072314398645,0.5415507231439864,"{'label_similarity': 0.0, 'definition_similarity': 0.0, 'embedding_similarity': 0.696951687335968, 'unit_compatibility': 0.5, 'datatype_compatibility': 0.5, 'hierarchy_similarity': 0.0, 'relationship_similarity': 0.5, 'topic_similarity': 0.5, 'context_similarity': 0.5}",Disagree,"The BRSR concept focuses on Scope 3 emissions, while the GRI concept focuses on carbon credits, which are unrelated topics.",
http://example.org/ontology/rso#Disclosure_Q8_-6619359279462689484,http://example.org/ontology/rso#Disclosure_Disclosure_2_12_in_GRI_2_General_Disclosures_2021,"8. Disclose any significant adverse impact to the environment, arising from the value chain of",Disclosure 2-12 in GRI 2: General Disclosures 2021 requires information on the role of the highest governance body in ov,NotMapped,14.06723469022721,0.5406723469022721,"{'label_similarity': 0.06666666666666667, 'definition_similarity': 0.0, 'embedding_similarity': 0.6800873279571533, 'unit_compatibility': 0.5, 'datatype_compatibility': 0.5, 'hierarchy_similarity': 0.0, 'relationship_similarity': 0.5, 'topic_similarity': 0.5, 'context_similarity': 0.5}",Disagree,"The BRSR concept deals with environmental impacts, whereas the GRI concept discusses governance and due diligence processes.",
http://example.org/ontology/rso#Disclosure_Q24_-803882803422137357,http://example.org/ontology/rso#Requirement_-590655476693025421,24. Overview of the entity’s material responsible business conduct issues,GUIDANCE,Partial Equivalent,68.86882217472824,0.5386882217472824,"{'label_similarity': 0.0, 'definition_similarity': 0.0, 'embedding_similarity': 0.6779268383979797, 'unit_compatibility': 0.5, 'datatype_compatibility': 0.5, 'hierarchy_similarity': 0.037037037037037035, 'relationship_similarity': 0.5, 'topic_similarity': 0.5, 'context_similarity': 0.5}",Agree,"Both BRSR and GRI concepts relate to environmental and social issues, including supplier assessments and responsible business conduct.",
http://example.org/ontology/rso#Disclosure_Q6_-3242966378365092768,http://example.org/ontology/rso#Requirement_-6686848126708906724,6. Provide details of greenhouse gas emissions (Scope 1 and Scope 2 emissions) & its,REQUIREMENTS,NotMapped,13.86327851386298,0.5386327851386298,"{'label_similarity': 0.0, 'definition_similarity': 0.0, 'embedding_similarity': 0.7345876097679138, 'unit_compatibility': 0.5, 'datatype_compatibility': 0.5, 'hierarchy_similarity': 0.0, 'relationship_similarity': 0.5, 'topic_similarity': 0.5, 'context_similarity': 0.5}",Disagree,"The BRSR concept covers Scope 1 and 2 emissions, while the GRI concept covers Scope 3 emissions, which are different aspects of greenhouse gas emissions.",
http://example.org/ontology/rso#Disclosure_Q10_-5474245062205150610,http://example.org/ontology/rso#Requirement_-4844070757685836957,10. Health and safety management system:,REQUIREMENTS,Partial Equivalent,68.83644620577495,0.5383644620577495,"{'label_similarity': 0.0, 'definition_similarity': 0.0, 'embedding_similarity': 0.7339615225791931, 'unit_compatibility': 0.5, 'datatype_compatibility': 0.5, 'hierarchy_similarity': 0.0, 'relationship_similarity': 0.5, 'topic_similarity': 0.5, 'context_similarity': 0.5}",Agree,Both BRSR and GRI concepts deal with occupational health and safety management systems and services.,
http://example.org/ontology/rso#Disclosure_Q24_-803882803422137357,http://example.org/ontology/rso#Requirement_7177791395129115191,24. Overview of the entity’s material responsible business conduct issues,GUIDANCE,Partial Equivalent,68.79910996982031,0.537991099698203,"{'label_similarity': 0.0, 'definition_similarity': 0.0, 'embedding_similarity': 0.6886458992958069, 'unit_compatibility': 0.5, 'datatype_compatibility': 0.5, 'hierarchy_similarity': 0.0, 'relationship_similarity': 0.5, 'topic_similarity': 0.5, 'context_similarity': 0.5}",Agree,Both BRSR and GRI concepts relate to material responsible business conduct issues and their identification processes.,
http://example.org/ontology/rso#Disclosure_Q2_1991675240437237964,http://example.org/ontology/rso#Disclosure_Disclosure_303_2_Management_of_water_discharge_rel,2. Provide the following details related to water discharged:,Disclosure 303-2 Management of water discharge-related impacts,Partial Equivalent,68.72803487474957,0.5372803487474956,"{'label_similarity': 0.06666666666666667, 'definition_similarity': 0.0, 'embedding_similarity': 0.6721726655960083, 'unit_compatibility': 0.5, 'datatype_compatibility': 0.5, 'hierarchy_similarity': 0.0, 'relationship_similarity': 0.5, 'topic_similarity': 0.5, 'context_similarity': 0.5}",Agree,"Both BRSR and GRI concepts focus on water management, including water discharge and its impacts.",
http://example.org/ontology/rso#Disclosure_Q8_-4962273875373865120,http://example.org/ontology/rso#Requirement_-3178080377631626697,"8. Provide details related to waste management by the entity, in the following format:",REQUIREMENTS,Partial Equivalent,68.70546244439626,0.5370546244439626,"{'label_similarity': 0.0, 'definition_similarity': 0.0, 'embedding_similarity': 0.7309052348136902, 'unit_compatibility': 0.5, 'datatype_compatibility': 0.5, 'hierarchy_similarity': 0.0, 'relationship_similarity': 0.5, 'topic_similarity': 0.5, 'context_similarity': 0.5}",Agree,"Both BRSR and GRI concepts deal with waste management, including waste disposal methods and their environmental impacts.",
http://example.org/ontology/rso#Disclosure_Q2_1991675240437237964,http://example.org/ontology/rso#Disclosure_Disclosure_303_5_Water_consumption,2. Provide the following details related to water discharged:,Disclosure 303-5 Water consumption,NotMapped,13.649192840333981,0.5364919284033398,"{'label_similarity': 0.08333333333333333, 'definition_similarity': 0.0, 'embedding_similarity': 0.6666293144226074, 'unit_compatibility': 0.5, 'datatype_compatibility': 0.5, 'hierarchy_similarity': 0.0, 'relationship_similarity': 0.5, 'topic_similarity': 0.5, 'context_similarity': 0.5}",Disagree,"The BRSR concept focuses on water discharged, while the GRI concept focuses on water consumption, which are different aspects of water management.",
http://example.org/ontology/rso#Disclosure_Q1_-1798184482091264290,http://example.org/ontology/rso#Requirement_-6830856649880938755,"1. Details of total energy consumption (in Joules or multiples) and energy intensity, in the",REQUIREMENTS,Partial Equivalent,68.5576906090691,0.535576906090691,"{'label_similarity': 0.0, 'definition_similarity': 0.0, 'embedding_similarity': 0.7274572253227234, 'unit_compatibility': 0.5, 'datatype_compatibility': 0.5, 'hierarchy_similarity': 0.0, 'relationship_similarity': 0.5, 'topic_similarity': 0.5, 'context_similarity': 0.5}",Agree,"Both BRSR and GRI concepts relate to energy consumption and energy intensity, including their measurement and reporting.",
http://example.org/ontology/rso#Disclosure_Q1_-8262725426163384076,http://example.org/ontology/rso#Requirement_6459216497900677219,1. Provide break-up of the total energy consumed (in Joules or multiples) from renewable,REQUIREMENTS,Partial Equivalent,68.53013027281987,0.5353013027281988,"{'label_similarity': 0.0, 'definition_similarity': 0.0, 'embedding_similarity': 0.7268141508102417, 'unit_compatibility': 0.5, 'datatype_compatibility': 0.5, 'hierarchy_similarity': 0.0, 'relationship_similarity': 0.5, 'topic_similarity': 0.5, 'context_similarity': 0.5}",Agree,"Both BRSR and GRI concepts relate to energy consumption, specifically from renewable and non-renewable sources.",
http://example.org/ontology/rso#Disclosure_Q2_1991675240437237964,http://example.org/ontology/rso#Disclosure_Disclosure_303_4_Water_discharge,2. Provide the following details related to water discharged:,Disclosure 303-4 Water discharge,Partial Equivalent,68.52876931901963,0.5352876931901963,"{'label_similarity': 0.08333333333333333, 'definition_similarity': 0.0, 'embedding_similarity': 0.663819432258606, 'unit_compatibility': 0.5, 'datatype_compatibility': 0.5, 'hierarchy_similarity': 0.0, 'relationship_similarity': 0.5, 'topic_similarity': 0.5, 'context_similarity': 0.5}",Agree,"Both BRSR and GRI concepts relate to water discharge, indicating a meaningful conceptual overlap.",
http://example.org/ontology/rso#Disclosure_Q3_-8572359119476524880,http://example.org/ontology/rso#Disclosure_Disclosure_303_5_Water_consumption,"3. Provide details of the following disclosures related to water, in the following format:",Disclosure 303-5 Water consumption,Partial Equivalent,68.50713746888297,0.5350713746888297,"{'label_similarity': 0.0, 'definition_similarity': 0.0, 'embedding_similarity': 0.6818332076072693, 'unit_compatibility': 0.5, 'datatype_compatibility': 0.5, 'hierarchy_similarity': 0.0, 'relationship_similarity': 0.5, 'topic_similarity': 0.5, 'context_similarity': 0.5}",Agree,"Both BRSR and GRI concepts relate to water consumption, indicating a similar focus on water usage.",
http://example.org/ontology/rso#Disclosure_Q7_433126378164276936,http://example.org/ontology/rso#Disclosure_Disclosure_102_9_GHG_removals_in_the_value_chain,"7. Does the entity have any project related to reducing Green House Gas emission? If Yes,",Disclosure 102-9 GHG removals in the value chain,Partial Equivalent,68.4732080493161,0.5347320804931609,"{'label_similarity': 0.043478260869565216, 'definition_similarity': 0.0, 'embedding_similarity': 0.6713796854019165, 'unit_compatibility': 0.5, 'datatype_compatibility': 0.5, 'hierarchy_similarity': 0.0, 'relationship_similarity': 0.5, 'topic_similarity': 0.5, 'context_similarity': 0.5}",Agree,"Both BRSR and GRI concepts relate to reducing greenhouse gas emissions, indicating a shared goal of mitigating climate change.",
http://example.org/ontology/rso#Disclosure_Q3_-8624426536879621017,http://example.org/ontology/rso#Requirement_-6081128991793375738,"3. Water withdrawal, consumption and discharge in areas of water stress (in kilolitres):",RECOMMENDATIONS,Partial Equivalent,68.42616785140265,0.5342616785140265,"{'label_similarity': 0.0, 'definition_similarity': 0.0, 'embedding_similarity': 0.7243883609771729, 'unit_compatibility': 0.5, 'datatype_compatibility': 0.5, 'hierarchy_similarity': 0.0, 'relationship_similarity': 0.5, 'topic_similarity': 0.5, 'context_similarity': 0.5}",Agree,"Both BRSR and GRI concepts relate to water use in areas of water stress, indicating a focus on responsible water management.",
http://example.org/ontology/rso#Disclosure_Q4_-4702487424460023528,http://example.org/ontology/rso#Disclosure_Disclosure_301_3_Reclaimed_products_and_their_pack,"4. Of the products and packaging reclaimed at end of life of products, amount (in metric",Disclosure 301-3 Reclaimed products and their packaging materials,Partial Equivalent,68.38865661747242,0.5338865661747242,"{'label_similarity': 0.2222222222222222, 'definition_similarity': 0.0, 'embedding_similarity': 0.6296859383583069, 'unit_compatibility': 0.5, 'datatype_compatibility': 0.5, 'hierarchy_similarity': 0.0, 'relationship_similarity': 0.5, 'topic_similarity': 0.5, 'context_similarity': 0.5}",Agree,"Both BRSR and GRI concepts relate to reclaiming products and packaging materials, indicating a shared focus on reducing waste.",
http://example.org/ontology/rso#Disclosure_Q2_1991675240437237964,http://example.org/ontology/rso#Disclosure_Disclosure_306_1_Water_discharge_by_quality_and_de,2. Provide the following details related to water discharged:,Disclosure 306-1 Water discharge by quality and destination,Partial Equivalent,68.38610058739071,0.5338610058739072,"{'label_similarity': 0.0625, 'definition_similarity': 0.0, 'embedding_similarity': 0.6651201248168945, 'unit_compatibility': 0.5, 'datatype_compatibility': 0.5, 'hierarchy_similarity': 0.0, 'relationship_similarity': 0.5, 'topic_similarity': 0.5, 'context_similarity': 0.5}",Agree,"Both BRSR and GRI concepts relate to water discharge, including quality and destination, indicating a similar focus on water effluent management.",
http://example.org/ontology/rso#Disclosure_Q6_-3242966378365092768,http://example.org/ontology/rso#Requirement_1362296056205189180,6. Provide details of greenhouse gas emissions (Scope 1 and Scope 2 emissions) & its,RECOMMENDATIONS,Partial Equivalent,68.33241570563544,0.5333241570563545,"{'label_similarity': 0.0, 'definition_similarity': 0.0, 'embedding_similarity': 0.7222008109092712, 'unit_compatibility': 0.5, 'datatype_compatibility': 0.5, 'hierarchy_similarity': 0.0, 'relationship_similarity': 0.5, 'topic_similarity': 0.5, 'context_similarity': 0.5}",Agree,"Both BRSR and GRI concepts relate to greenhouse gas emissions, including scope and intensity, indicating a shared focus on mitigating climate change.",
http://example.org/ontology/rso#Disclosure_Q6_-3242966378365092768,http://example.org/ontology/rso#Requirement_6240078237755753959,6. Provide details of greenhouse gas emissions (Scope 1 and Scope 2 emissions) & its,REQUIREMENTS,Partial Equivalent,68.3271202586946,0.533271202586946,"{'label_similarity': 0.0, 'definition_similarity': 0.0, 'embedding_similarity': 0.7220772504806519, 'unit_compatibility': 0.5, 'datatype_compatibility': 0.5, 'hierarchy_similarity': 0.0, 'relationship_similarity': 0.5, 'topic_similarity': 0.5, 'context_similarity': 0.5}",Agree,"Both BRSR and GRI concepts relate to greenhouse gas emissions, including direct and indirect emissions, indicating a similar focus on emissions reduction.",
http://example.org/ontology/rso#Disclosure_Q8_-6619359279462689484,http://example.org/ontology/rso#Requirement_6326914491277189351,"8. Disclose any significant adverse impact to the environment, arising from the value chain of",REQUIREMENTS,Partial Equivalent,68.31997791926067,0.5331997791926066,"{'label_similarity': 0.0, 'definition_similarity': 0.0, 'embedding_similarity': 0.7219105958938599, 'unit_compatibility': 0.5, 'datatype_compatibility': 0.5, 'hierarchy_similarity': 0.0, 'relationship_similarity': 0.5, 'topic_similarity': 0.5, 'context_similarity': 0.5}",Agree,"Both BRSR and GRI concepts relate to environmental impacts, including climate change, indicating a shared focus on responsible environmental management.",
http://example.org/ontology/rso#Disclosure_Q10_-5474245062205150610,http://example.org/ontology/rso#Requirement_7805355624008697003,10. Health and safety management system:,GUIDANCE,Partial Equivalent,68.30113093058269,0.5330113093058269,"{'label_similarity': 0.0, 'definition_similarity': 0.0, 'embedding_similarity': 0.721470832824707, 'unit_compatibility': 0.5, 'datatype_compatibility': 0.5, 'hierarchy_similarity': 0.0, 'relationship_similarity': 0.5, 'topic_similarity': 0.5, 'context_similarity': 0.5}",Agree,The BRSR and GRI concepts both relate to occupational health and safety management systems.,
http://example.org/ontology/rso#Disclosure_Q2_1991675240437237964,http://example.org/ontology/rso#Requirement_-1655966079089254625,2. Provide the following details related to water discharged:,REQUIREMENTS,Partial Equivalent,68.29656095731825,0.5329656095731825,"{'label_similarity': 0.0, 'definition_similarity': 0.0, 'embedding_similarity': 0.7213642001152039, 'unit_compatibility': 0.5, 'datatype_compatibility': 0.5, 'hierarchy_similarity': 0.0, 'relationship_similarity': 0.5, 'topic_similarity': 0.5, 'context_similarity': 0.5}",Agree,The BRSR and GRI concepts both relate to water discharge and its management.,
http://example.org/ontology/rso#Disclosure_Q4_-1200628586394668080,http://example.org/ontology/rso#Requirement_1658447526316918573,"4. Please provide details of total Scope 3 emissions & its intensity, in the following format:",GUIDANCE,Partial Equivalent,68.23425196465992,0.5323425196465992,"{'label_similarity': 0.0, 'definition_similarity': 0.0, 'embedding_similarity': 0.7199103236198425, 'unit_compatibility': 0.5, 'datatype_compatibility': 0.5, 'hierarchy_similarity': 0.0, 'relationship_similarity': 0.5, 'topic_similarity': 0.5, 'context_similarity': 0.5}",Agree,The BRSR and GRI concepts both relate to biodiversity and environmental impact.,
http://example.org/ontology/rso#Disclosure_Q3_-8624426536879621017,http://example.org/ontology/rso#Requirement_7460547146195465278,"3. Water withdrawal, consumption and discharge in areas of water stress (in kilolitres):",GUIDANCE,Partial Equivalent,68.2066916284107,0.532066916284107,"{'label_similarity': 0.0, 'definition_similarity': 0.0, 'embedding_similarity': 0.7192672491073608, 'unit_compatibility': 0.5, 'datatype_compatibility': 0.5, 'hierarchy_similarity': 0.0, 'relationship_similarity': 0.5, 'topic_similarity': 0.5, 'context_similarity': 0.5}",Agree,"The BRSR and GRI concepts both relate to water withdrawal, consumption, and discharge.",
http://example.org/ontology/rso#Disclosure_Q3_-8624426536879621017,http://example.org/ontology/rso#Requirement_2545635322503207223,"3. Water withdrawal, consumption and discharge in areas of water stress (in kilolitres):",RECOMMENDATIONS,Partial Equivalent,68.20287778264002,0.5320287778264001,"{'label_similarity': 0.0, 'definition_similarity': 0.0, 'embedding_similarity': 0.7191782593727112, 'unit_compatibility': 0.5, 'datatype_compatibility': 0.5, 'hierarchy_similarity': 0.0, 'relationship_similarity': 0.5, 'topic_similarity': 0.5, 'context_similarity': 0.5}",Agree,The BRSR and GRI concepts both relate to water discharge and its management.,
http://example.org/ontology/rso#Disclosure_Q9_7258677890242030772,http://example.org/ontology/rso#Requirement_-3178080377631626697,9. Briefly describe the waste management practices adopted in your establishments. Describe,REQUIREMENTS,Partial Equivalent,68.14362650825865,0.5314362650825865,"{'label_similarity': 0.0, 'definition_similarity': 0.0, 'embedding_similarity': 0.717795729637146, 'unit_compatibility': 0.5, 'datatype_compatibility': 0.5, 'hierarchy_similarity': 0.0, 'relationship_similarity': 0.5, 'topic_similarity': 0.5, 'context_similarity': 0.5}",Agree,The BRSR and GRI concepts both relate to waste management practices.,
http://example.org/ontology/rso#Disclosure_Q6_-3242966378365092768,http://example.org/ontology/rso#Requirement_-1724475151607446164,6. Provide details of greenhouse gas emissions (Scope 1 and Scope 2 emissions) & its,GUIDANCE,Partial Equivalent,68.09125190689451,0.5309125190689451,"{'label_similarity': 0.0, 'definition_similarity': 0.0, 'embedding_similarity': 0.7165736556053162, 'unit_compatibility': 0.5, 'datatype_compatibility': 0.5, 'hierarchy_similarity': 0.0, 'relationship_similarity': 0.5, 'topic_similarity': 0.5, 'context_similarity': 0.5}",Agree,The BRSR and GRI concepts both relate to greenhouse gas emissions.,
http://example.org/ontology/rso#Disclosure_Q3_-8572359119476524880,http://example.org/ontology/rso#Disclosure_Disclosure_303_3_Water_withdrawal,"3. Provide details of the following disclosures related to water, in the following format:",Disclosure 303-3 Water withdrawal,Partial Equivalent,68.06438905852181,0.5306438905852182,"{'label_similarity': 0.0, 'definition_similarity': 0.0, 'embedding_similarity': 0.671502411365509, 'unit_compatibility': 0.5, 'datatype_compatibility': 0.5, 'hierarchy_similarity': 0.0, 'relationship_similarity': 0.5, 'topic_similarity': 0.5, 'context_similarity': 0.5}",Agree,The BRSR and GRI concepts both relate to water withdrawal.,
http://example.org/ontology/rso#Disclosure_Q3_-8572359119476524880,http://example.org/ontology/rso#Requirement_-6081128991793375738,"3. Provide details of the following disclosures related to water, in the following format:",RECOMMENDATIONS,Partial Equivalent,68.06295587902979,0.5306295587902978,"{'label_similarity': 0.0, 'definition_similarity': 0.0, 'embedding_similarity': 0.7159134149551392, 'unit_compatibility': 0.5, 'datatype_compatibility': 0.5, 'hierarchy_similarity': 0.0, 'relationship_similarity': 0.5, 'topic_similarity': 0.5, 'context_similarity': 0.5}",Agree,The BRSR and GRI concepts both relate to water use and management.,
http://example.org/ontology/rso#Disclosure_Q10_-5474245062205150610,http://example.org/ontology/rso#Requirement_7137911732424052360,10. Health and safety management system:,REQUIREMENTS,Partial Equivalent,68.05837824231102,0.5305837824231102,"{'label_similarity': 0.0, 'definition_similarity': 0.0, 'embedding_similarity': 0.7158066034317017, 'unit_compatibility': 0.5, 'datatype_compatibility': 0.5, 'hierarchy_similarity': 0.0, 'relationship_similarity': 0.5, 'topic_similarity': 0.5, 'context_similarity': 0.5}",Agree,The BRSR and GRI concepts both relate to occupational health and safety management systems and work-related injuries.,
http://example.org/ontology/rso#Disclosure_Q1_-1798184482091264290,http://example.org/ontology/rso#Requirement_8260819138081648818,"1. Details of total energy consumption (in Joules or multiples) and energy intensity, in the",GUIDANCE,Partial Equivalent,68.02263333683923,0.5302263333683923,"{'label_similarity': 0.0, 'definition_similarity': 0.0, 'embedding_similarity': 0.7149725556373596, 'unit_compatibility': 0.5, 'datatype_compatibility': 0.5, 'hierarchy_similarity': 0.0, 'relationship_similarity': 0.5, 'topic_similarity': 0.5, 'context_similarity': 0.5}",Agree,"Both BRSR and GRI concepts relate to energy consumption and intensity, sharing a meaningful conceptual overlap.",
http://example.org/ontology/rso#Disclosure_Q9_7258677890242030772,http://example.org/ontology/rso#Disclosure_Disclosure_306_5_Waste_directed_to_disposal_15,9. Briefly describe the waste management practices adopted in your establishments. Describe,Disclosure 306-5 Waste directed to disposal 15,Partial Equivalent,68.02251342297936,0.5302251342297936,"{'label_similarity': 0.058823529411764705, 'definition_similarity': 0.0, 'embedding_similarity': 0.6574534177780151, 'unit_compatibility': 0.5, 'datatype_compatibility': 0.5, 'hierarchy_similarity': 0.0, 'relationship_similarity': 0.5, 'topic_similarity': 0.5, 'context_similarity': 0.5}",Agree,"Both BRSR and GRI concepts concern waste management practices, indicating a shared focus on waste-related issues.",
http://example.org/ontology/rso#Disclosure_Q6_-3242966378365092768,http://example.org/ontology/rso#Requirement_-1438293971175957424,6. Provide details of greenhouse gas emissions (Scope 1 and Scope 2 emissions) & its,GUIDANCE,Partial Equivalent,68.00141067731948,0.5300141067731948,"{'label_similarity': 0.0, 'definition_similarity': 0.0, 'embedding_similarity': 0.7144773602485657, 'unit_compatibility': 0.5, 'datatype_compatibility': 0.5, 'hierarchy_similarity': 0.0, 'relationship_similarity': 0.5, 'topic_similarity': 0.5, 'context_similarity': 0.5}",Agree,"Both BRSR and GRI concepts pertain to greenhouse gas emissions, specifically Scope 1 and Scope 2 emissions, demonstrating a conceptual overlap.",
http://example.org/ontology/rso#Disclosure_Q10_-5474245062205150610,http://example.org/ontology/rso#Requirement_7974899489851196299,10. Health and safety management system:,REQUIREMENTS,NotMapped,12.989787771588283,0.5298978777158828,"{'label_similarity': 0.0, 'definition_similarity': 0.0, 'embedding_similarity': 0.7142061591148376, 'unit_compatibility': 0.5, 'datatype_compatibility': 0.5, 'hierarchy_similarity': 0.0, 'relationship_similarity': 0.5, 'topic_similarity': 0.5, 'context_similarity': 0.5}",Disagree,"BRSR focuses on air emissions other than GHG emissions, while GRI concerns other indirect GHG emissions, representing unrelated topics.",
http://example.org/ontology/rso#Disclosure_Q5_7672378586392185083,http://example.org/ontology/rso#Requirement_-6686848126708906724,"5. Please provide details of air emissions (other than GHG emissions) by the entity, in the",REQUIREMENTS,Partial Equivalent,67.95822455769495,0.5295822455769494,"{'label_similarity': 0.0, 'definition_similarity': 0.0, 'embedding_similarity': 0.7134696841239929, 'unit_compatibility': 0.5, 'datatype_compatibility': 0.5, 'hierarchy_similarity': 0.0, 'relationship_similarity': 0.5, 'topic_similarity': 0.5, 'context_similarity': 0.5}",Agree,"Both BRSR and GRI concepts relate to health and safety management systems, indicating a shared focus on occupational health and safety.",
http://example.org/ontology/rso#Disclosure_Q10_-5474245062205150610,http://example.org/ontology/rso#Requirement_7451997032246597572,10. Health and safety management system:,GUIDANCE,Partial Equivalent,67.90074865023296,0.5290074865023295,"{'label_similarity': 0.0, 'definition_similarity': 0.0, 'embedding_similarity': 0.7121285796165466, 'unit_compatibility': 0.5, 'datatype_compatibility': 0.5, 'hierarchy_similarity': 0.0, 'relationship_similarity': 0.5, 'topic_similarity': 0.5, 'context_similarity': 0.5}",Agree,"Both BRSR and GRI concepts concern waste management practices and disposal, sharing a meaningful conceptual overlap.",
http://example.org/ontology/rso#Disclosure_Q9_7258677890242030772,http://example.org/ontology/rso#Requirement_-2691618603631567331,9. Briefly describe the waste management practices adopted in your establishments. Describe,REQUIREMENTS,Partial Equivalent,67.88499003364927,0.5288499003364927,"{'label_similarity': 0.0, 'definition_similarity': 0.0, 'embedding_similarity': 0.7117608785629272, 'unit_compatibility': 0.5, 'datatype_compatibility': 0.5, 'hierarchy_similarity': 0.0, 'relationship_similarity': 0.5, 'topic_similarity': 0.5, 'context_similarity': 0.5}",Agree,"Both BRSR and GRI concepts pertain to energy consumption, with BRSR focusing on renewable and non-renewable sources and GRI on energy consumption within the organization.",
http://example.org/ontology/rso#Disclosure_Q1_-8262725426163384076,http://example.org/ontology/rso#Requirement_2333530348916648093,1. Provide break-up of the total energy consumed (in Joules or multiples) from renewable,RECOMMENDATIONS,Partial Equivalent,67.88111232575916,0.5288111232575916,"{'label_similarity': 0.0, 'definition_similarity': 0.0, 'embedding_similarity': 0.7116703987121582, 'unit_compatibility': 0.5, 'datatype_compatibility': 0.5, 'hierarchy_similarity': 0.0, 'relationship_similarity': 0.5, 'topic_similarity': 0.5, 'context_similarity': 0.5}",Agree,"Both BRSR and GRI concepts relate to air emissions, with BRSR focusing on emissions other than GHG and GRI on significant air emissions.",
http://example.org/ontology/rso#Disclosure_Q5_7672378586392185083,http://example.org/ontology/rso#Requirement_1362296056205189180,"5. Please provide details of air emissions (other than GHG emissions) by the entity, in the",RECOMMENDATIONS,Partial Equivalent,67.84421790213813,0.5284421790213812,"{'label_similarity': 0.0, 'definition_similarity': 0.0, 'embedding_similarity': 0.7108095288276672, 'unit_compatibility': 0.5, 'datatype_compatibility': 0.5, 'hierarchy_similarity': 0.0, 'relationship_similarity': 0.5, 'topic_similarity': 0.5, 'context_similarity': 0.5}",Agree,"Both BRSR and GRI concepts concern emissions, with BRSR focusing on air emissions and GRI on GHG emissions, sharing a broader environmental focus.",
http://example.org/ontology/rso#Disclosure_Q2_1689123079687364340,http://example.org/ontology/rso#Requirement_284389428338297837,2. If there are any significant social or environmental concerns and/or risks arising from,GUIDANCE,Partial Equivalent,67.83511116391138,0.5283511116391137,"{'label_similarity': 0.0, 'definition_similarity': 0.0, 'embedding_similarity': 0.710597038269043, 'unit_compatibility': 0.5, 'datatype_compatibility': 0.5, 'hierarchy_similarity': 0.0, 'relationship_similarity': 0.5, 'topic_similarity': 0.5, 'context_similarity': 0.5}",Agree,"Both BRSR and GRI concepts relate to managing significant environmental concerns and impacts, indicating a shared focus on environmental responsibility.",
http://example.org/ontology/rso#Disclosure_Q18_9063199629501122799,http://example.org/ontology/rso#Disclosure_Disclosure_2_7_Employees_15,18. Details as at the end of Financial Year: a. Employees and workers (including differently abled):,Disclosure 2-7 Employees 15,Partial Equivalent,67.81795239602201,0.52817952396022,"{'label_similarity': 0.05263157894736842, 'definition_similarity': 0.0, 'embedding_similarity': 0.5619928240776062, 'unit_compatibility': 0.5, 'datatype_compatibility': 0.5, 'hierarchy_similarity': 0.14285714285714285, 'relationship_similarity': 0.5, 'topic_similarity': 0.5, 'context_similarity': 0.5}",Agree,"Both BRSR and GRI concepts relate to employee and worker information, indicating a conceptual overlap.",
http://example.org/ontology/rso#Disclosure_Q8_-4962273875373865120,http://example.org/ontology/rso#Requirement_-1826210028996397162,"8. Provide details related to waste management by the entity, in the following format:",GUIDANCE,Partial Equivalent,67.80855984914871,0.5280855984914871,"{'label_similarity': 0.0, 'definition_similarity': 0.0, 'embedding_similarity': 0.7099775075912476, 'unit_compatibility': 0.5, 'datatype_compatibility': 0.5, 'hierarchy_similarity': 0.0, 'relationship_similarity': 0.5, 'topic_similarity': 0.5, 'context_similarity': 0.5}",Agree,"Both BRSR and GRI concepts focus on waste management, showing a clear relationship between the two.",
http://example.org/ontology/rso#Disclosure_Q7_6597013753347063752,http://example.org/ontology/rso#Disclosure_Disclosure_406_1_Incidents_of_discrimination_and_c,7. Mechanisms to prevent adverse consequences to the complainant in discrimination and,Disclosure 406-1 Incidents of discrimination and corrective actions taken,Partial Equivalent,67.80324215611452,0.5280324215611453,"{'label_similarity': 0.1111111111111111, 'definition_similarity': 0.0, 'embedding_similarity': 0.640717625617981, 'unit_compatibility': 0.5, 'datatype_compatibility': 0.5, 'hierarchy_similarity': 0.0, 'relationship_similarity': 0.5, 'topic_similarity': 0.5, 'context_similarity': 0.5}",Agree,"Both BRSR and GRI concepts deal with preventing adverse consequences in discrimination and harassment cases, indicating a shared concern.",
http://example.org/ontology/rso#Disclosure_Q3_-8572359119476524880,http://example.org/ontology/rso#Disclosure_Disclosure_303_4_Water_discharge,"3. Provide details of the following disclosures related to water, in the following format:",Disclosure 303-4 Water discharge,Partial Equivalent,67.79548866408211,0.5279548866408212,"{'label_similarity': 0.0, 'definition_similarity': 0.0, 'embedding_similarity': 0.6652280688285828, 'unit_compatibility': 0.5, 'datatype_compatibility': 0.5, 'hierarchy_similarity': 0.0, 'relationship_similarity': 0.5, 'topic_similarity': 0.5, 'context_similarity': 0.5}",Agree,"Both BRSR and GRI concepts are related to water, specifically water discharge, demonstrating a connection between the two.",
http://example.org/ontology/rso#Disclosure_Q8_-4962273875373865120,http://example.org/ontology/rso#Requirement_-5186932244048485965,"8. Provide details related to waste management by the entity, in the following format:",REQUIREMENTS,Partial Equivalent,67.74060289065042,0.5274060289065042,"{'label_similarity': 0.0, 'definition_similarity': 0.0, 'embedding_similarity': 0.7083918452262878, 'unit_compatibility': 0.5, 'datatype_compatibility': 0.5, 'hierarchy_similarity': 0.0, 'relationship_similarity': 0.5, 'topic_similarity': 0.5, 'context_similarity': 0.5}",Agree,"Both BRSR and GRI concepts focus on waste management, including the total weight of waste generated and its composition, showing a strong relationship.",
http://example.org/ontology/rso#Disclosure_Q3_-8572359119476524880,http://example.org/ontology/rso#Requirement_-3378254427399052614,"3. Provide details of the following disclosures related to water, in the following format:",GUIDANCE,Partial Equivalent,67.72593759355091,0.5272593759355091,"{'label_similarity': 0.0, 'definition_similarity': 0.0, 'embedding_similarity': 0.7080496549606323, 'unit_compatibility': 0.5, 'datatype_compatibility': 0.5, 'hierarchy_similarity': 0.0, 'relationship_similarity': 0.5, 'topic_similarity': 0.5, 'context_similarity': 0.5}",Agree,"Both BRSR and GRI concepts relate to water, including consumption and management, indicating a shared focus.",
http://example.org/ontology/rso#Disclosure_Q2_1689123079687364340,http://example.org/ontology/rso#Disclosure_Disclosure_102_9_GHG_removals_in_the_value_chain,2. If there are any significant social or environmental concerns and/or risks arising from,Disclosure 102-9 GHG removals in the value chain,NotMapped,12.669248580932624,0.5266924858093263,"{'label_similarity': 0.0, 'definition_similarity': 0.0, 'embedding_similarity': 0.6622824668884277, 'unit_compatibility': 0.5, 'datatype_compatibility': 0.5, 'hierarchy_similarity': 0.0, 'relationship_similarity': 0.5, 'topic_similarity': 0.5, 'context_similarity': 0.5}",Disagree,"BRSR concept relates to social and environmental concerns from production or disposal, while GRI concept focuses on GHG removals, showing no direct relationship.",
http://example.org/ontology/rso#Disclosure_Q8_-4962273875373865120,http://example.org/ontology/rso#Requirement_-431856861104420412,"8. Provide details related to waste management by the entity, in the following format:",REQUIREMENTS,Partial Equivalent,67.62055998756773,0.5262055998756773,"{'label_similarity': 0.0, 'definition_similarity': 0.0, 'embedding_similarity': 0.7055908441543579, 'unit_compatibility': 0.5, 'datatype_compatibility': 0.5, 'hierarchy_similarity': 0.0, 'relationship_similarity': 0.5, 'topic_similarity': 0.5, 'context_similarity': 0.5}",Agree,"Both BRSR and GRI concepts deal with waste management, specifically waste diverted from disposal, demonstrating a clear connection.",
http://example.org/ontology/rso#Disclosure_Q4_4910664930118214598,http://example.org/ontology/rso#Disclosure_Disclosure_102_3_Just_transition,4. Does the entity provide transition assistance programs to facilitate continued,Disclosure 102-3 Just transition,Partial Equivalent,67.54431388005106,0.5254431388005106,"{'label_similarity': 0.07142857142857142, 'definition_similarity': 0.0, 'embedding_similarity': 0.6434943079948425, 'unit_compatibility': 0.5, 'datatype_compatibility': 0.5, 'hierarchy_similarity': 0.0, 'relationship_similarity': 0.5, 'topic_similarity': 0.5, 'context_similarity': 0.5}",Agree,"Both BRSR and GRI concepts relate to transition assistance and managing career endings, indicating a shared concern for employee well-being.",
http://example.org/ontology/rso#Disclosure_Q1_-6900589201088536898,http://example.org/ontology/rso#Disclosure_Disclosure_2_29_Approach_to_stakeholder_engagement,1. Provide the processes for consultation between stakeholders and the Board on,Disclosure 2-29 Approach to stakeholder engagement,Partial Equivalent,67.51729249954224,0.5251729249954225,"{'label_similarity': 0.0, 'definition_similarity': 0.0, 'embedding_similarity': 0.6587368249893188, 'unit_compatibility': 0.5, 'datatype_compatibility': 0.5, 'hierarchy_similarity': 0.0, 'relationship_similarity': 0.5, 'topic_similarity': 0.5, 'context_similarity': 0.5}",Agree,"Both BRSR and GRI concepts focus on stakeholder engagement and consultation, showing a strong relationship between the two.",
